date;week_day;month;year
1993-01-01;Friday;1;1993
1993-01-02;Saturday;1;1993
1993-01-03;Sunday;1;1993
1993-01-04;Monday;1;1993
1993-01-05;Tuesday;1;1993
1993-01-06;Wednesday;1;1993
1993-01-07;Thursday;1;1993
1993-01-08;Friday;1;1993
1993-01-09;Saturday;1;1993
1993-01-10;Sunday;1;1993
1993-01-11;Monday;1;1993
1993-01-12;Tuesday;1;1993
1993-01-13;Wednesday;1;1993
1993-01-14;Thursday;1;1993
1993-01-15;Friday;1;1993
1993-01-16;Saturday;1;1993
1993-01-17;Sunday;1;1993
1993-01-18;Monday;1;1993
1993-01-19;Tuesday;1;1993
1993-01-20;Wednesday;1;1993
1993-01-21;Thursday;1;1993
1993-01-22;Friday;1;1993
1993-01-23;Saturday;1;1993
1993-01-24;Sunday;1;1993
1993-01-25;Monday;1;1993
1993-01-26;Tuesday;1;1993
1993-01-27;Wednesday;1;1993
1993-01-28;Thursday;1;1993
1993-01-29;Friday;1;1993
1993-01-30;Saturday;1;1993
1993-01-31;Sunday;1;1993
1993-02-01;Monday;2;1993
1993-02-02;Tuesday;2;1993
1993-02-03;Wednesday;2;1993
1993-02-04;Thursday;2;1993
1993-02-05;Friday;2;1993
1993-02-06;Saturday;2;1993
1993-02-07;Sunday;2;1993
1993-02-08;Monday;2;1993
1993-02-09;Tuesday;2;1993
1993-02-10;Wednesday;2;1993
1993-02-11;Thursday;2;1993
1993-02-12;Friday;2;1993
1993-02-13;Saturday;2;1993
1993-02-14;Sunday;2;1993
1993-02-15;Monday;2;1993
1993-02-16;Tuesday;2;1993
1993-02-17;Wednesday;2;1993
1993-02-18;Thursday;2;1993
1993-02-19;Friday;2;1993
1993-02-20;Saturday;2;1993
1993-02-21;Sunday;2;1993
1993-02-22;Monday;2;1993
1993-02-23;Tuesday;2;1993
1993-02-24;Wednesday;2;1993
1993-02-25;Thursday;2;1993
1993-02-26;Friday;2;1993
1993-02-27;Saturday;2;1993
1993-02-28;Sunday;2;1993
1993-03-01;Monday;3;1993
1993-03-02;Tuesday;3;1993
1993-03-03;Wednesday;3;1993
1993-03-04;Thursday;3;1993
1993-03-05;Friday;3;1993
1993-03-06;Saturday;3;1993
1993-03-07;Sunday;3;1993
1993-03-08;Monday;3;1993
1993-03-09;Tuesday;3;1993
1993-03-10;Wednesday;3;1993
1993-03-11;Thursday;3;1993
1993-03-12;Friday;3;1993
1993-03-13;Saturday;3;1993
1993-03-14;Sunday;3;1993
1993-03-15;Monday;3;1993
1993-03-16;Tuesday;3;1993
1993-03-17;Wednesday;3;1993
1993-03-18;Thursday;3;1993
1993-03-19;Friday;3;1993
1993-03-20;Saturday;3;1993
1993-03-21;Sunday;3;1993
1993-03-22;Monday;3;1993
1993-03-23;Tuesday;3;1993
1993-03-24;Wednesday;3;1993
1993-03-25;Thursday;3;1993
1993-03-26;Friday;3;1993
1993-03-27;Saturday;3;1993
1993-03-28;Sunday;3;1993
1993-03-29;Monday;3;1993
1993-03-30;Tuesday;3;1993
1993-03-31;Wednesday;3;1993
1993-04-01;Thursday;4;1993
1993-04-02;Friday;4;1993
1993-04-03;Saturday;4;1993
1993-04-04;Sunday;4;1993
1993-04-05;Monday;4;1993
1993-04-06;Tuesday;4;1993
1993-04-07;Wednesday;4;1993
1993-04-08;Thursday;4;1993
1993-04-09;Friday;4;1993
1993-04-10;Saturday;4;1993
1993-04-11;Sunday;4;1993
1993-04-12;Monday;4;1993
1993-04-13;Tuesday;4;1993
1993-04-14;Wednesday;4;1993
1993-04-15;Thursday;4;1993
1993-04-16;Friday;4;1993
1993-04-17;Saturday;4;1993
1993-04-18;Sunday;4;1993
1993-04-19;Monday;4;1993
1993-04-20;Tuesday;4;1993
1993-04-21;Wednesday;4;1993
1993-04-22;Thursday;4;1993
1993-04-23;Friday;4;1993
1993-04-24;Saturday;4;1993
1993-04-25;Sunday;4;1993
1993-04-26;Monday;4;1993
1993-04-27;Tuesday;4;1993
1993-04-28;Wednesday;4;1993
1993-04-29;Thursday;4;1993
1993-04-30;Friday;4;1993
1993-05-01;Saturday;5;1993
1993-05-02;Sunday;5;1993
1993-05-03;Monday;5;1993
1993-05-04;Tuesday;5;1993
1993-05-05;Wednesday;5;1993
1993-05-06;Thursday;5;1993
1993-05-07;Friday;5;1993
1993-05-08;Saturday;5;1993
1993-05-09;Sunday;5;1993
1993-05-10;Monday;5;1993
1993-05-11;Tuesday;5;1993
1993-05-12;Wednesday;5;1993
1993-05-13;Thursday;5;1993
1993-05-14;Friday;5;1993
1993-05-15;Saturday;5;1993
1993-05-16;Sunday;5;1993
1993-05-17;Monday;5;1993
1993-05-18;Tuesday;5;1993
1993-05-19;Wednesday;5;1993
1993-05-20;Thursday;5;1993
1993-05-21;Friday;5;1993
1993-05-22;Saturday;5;1993
1993-05-23;Sunday;5;1993
1993-05-24;Monday;5;1993
1993-05-25;Tuesday;5;1993
1993-05-26;Wednesday;5;1993
1993-05-27;Thursday;5;1993
1993-05-28;Friday;5;1993
1993-05-29;Saturday;5;1993
1993-05-30;Sunday;5;1993
1993-05-31;Monday;5;1993
1993-06-01;Tuesday;6;1993
1993-06-02;Wednesday;6;1993
1993-06-03;Thursday;6;1993
1993-06-04;Friday;6;1993
1993-06-05;Saturday;6;1993
1993-06-06;Sunday;6;1993
1993-06-07;Monday;6;1993
1993-06-08;Tuesday;6;1993
1993-06-09;Wednesday;6;1993
1993-06-10;Thursday;6;1993
1993-06-11;Friday;6;1993
1993-06-12;Saturday;6;1993
1993-06-13;Sunday;6;1993
1993-06-14;Monday;6;1993
1993-06-15;Tuesday;6;1993
1993-06-16;Wednesday;6;1993
1993-06-17;Thursday;6;1993
1993-06-18;Friday;6;1993
1993-06-19;Saturday;6;1993
1993-06-20;Sunday;6;1993
1993-06-21;Monday;6;1993
1993-06-22;Tuesday;6;1993
1993-06-23;Wednesday;6;1993
1993-06-24;Thursday;6;1993
1993-06-25;Friday;6;1993
1993-06-26;Saturday;6;1993
1993-06-27;Sunday;6;1993
1993-06-28;Monday;6;1993
1993-06-29;Tuesday;6;1993
1993-06-30;Wednesday;6;1993
1993-07-01;Thursday;7;1993
1993-07-02;Friday;7;1993
1993-07-03;Saturday;7;1993
1993-07-04;Sunday;7;1993
1993-07-05;Monday;7;1993
1993-07-06;Tuesday;7;1993
1993-07-07;Wednesday;7;1993
1993-07-08;Thursday;7;1993
1993-07-09;Friday;7;1993
1993-07-10;Saturday;7;1993
1993-07-11;Sunday;7;1993
1993-07-12;Monday;7;1993
1993-07-13;Tuesday;7;1993
1993-07-14;Wednesday;7;1993
1993-07-15;Thursday;7;1993
1993-07-16;Friday;7;1993
1993-07-17;Saturday;7;1993
1993-07-18;Sunday;7;1993
1993-07-19;Monday;7;1993
1993-07-20;Tuesday;7;1993
1993-07-21;Wednesday;7;1993
1993-07-22;Thursday;7;1993
1993-07-23;Friday;7;1993
1993-07-24;Saturday;7;1993
1993-07-25;Sunday;7;1993
1993-07-26;Monday;7;1993
1993-07-27;Tuesday;7;1993
1993-07-28;Wednesday;7;1993
1993-07-29;Thursday;7;1993
1993-07-30;Friday;7;1993
1993-07-31;Saturday;7;1993
1993-08-01;Sunday;8;1993
1993-08-02;Monday;8;1993
1993-08-03;Tuesday;8;1993
1993-08-04;Wednesday;8;1993
1993-08-05;Thursday;8;1993
1993-08-06;Friday;8;1993
1993-08-07;Saturday;8;1993
1993-08-08;Sunday;8;1993
1993-08-09;Monday;8;1993
1993-08-10;Tuesday;8;1993
1993-08-11;Wednesday;8;1993
1993-08-12;Thursday;8;1993
1993-08-13;Friday;8;1993
1993-08-14;Saturday;8;1993
1993-08-15;Sunday;8;1993
1993-08-16;Monday;8;1993
1993-08-17;Tuesday;8;1993
1993-08-18;Wednesday;8;1993
1993-08-19;Thursday;8;1993
1993-08-20;Friday;8;1993
1993-08-21;Saturday;8;1993
1993-08-22;Sunday;8;1993
1993-08-23;Monday;8;1993
1993-08-24;Tuesday;8;1993
1993-08-25;Wednesday;8;1993
1993-08-26;Thursday;8;1993
1993-08-27;Friday;8;1993
1993-08-28;Saturday;8;1993
1993-08-29;Sunday;8;1993
1993-08-30;Monday;8;1993
1993-08-31;Tuesday;8;1993
1993-09-01;Wednesday;9;1993
1993-09-02;Thursday;9;1993
1993-09-03;Friday;9;1993
1993-09-04;Saturday;9;1993
1993-09-05;Sunday;9;1993
1993-09-06;Monday;9;1993
1993-09-07;Tuesday;9;1993
1993-09-08;Wednesday;9;1993
1993-09-09;Thursday;9;1993
1993-09-10;Friday;9;1993
1993-09-11;Saturday;9;1993
1993-09-12;Sunday;9;1993
1993-09-13;Monday;9;1993
1993-09-14;Tuesday;9;1993
1993-09-15;Wednesday;9;1993
1993-09-16;Thursday;9;1993
1993-09-17;Friday;9;1993
1993-09-18;Saturday;9;1993
1993-09-19;Sunday;9;1993
1993-09-20;Monday;9;1993
1993-09-21;Tuesday;9;1993
1993-09-22;Wednesday;9;1993
1993-09-23;Thursday;9;1993
1993-09-24;Friday;9;1993
1993-09-25;Saturday;9;1993
1993-09-26;Sunday;9;1993
1993-09-27;Monday;9;1993
1993-09-28;Tuesday;9;1993
1993-09-29;Wednesday;9;1993
1993-09-30;Thursday;9;1993
1993-10-01;Friday;10;1993
1993-10-02;Saturday;10;1993
1993-10-03;Sunday;10;1993
1993-10-04;Monday;10;1993
1993-10-05;Tuesday;10;1993
1993-10-06;Wednesday;10;1993
1993-10-07;Thursday;10;1993
1993-10-08;Friday;10;1993
1993-10-09;Saturday;10;1993
1993-10-10;Sunday;10;1993
1993-10-11;Monday;10;1993
1993-10-12;Tuesday;10;1993
1993-10-13;Wednesday;10;1993
1993-10-14;Thursday;10;1993
1993-10-15;Friday;10;1993
1993-10-16;Saturday;10;1993
1993-10-17;Sunday;10;1993
1993-10-18;Monday;10;1993
1993-10-19;Tuesday;10;1993
1993-10-20;Wednesday;10;1993
1993-10-21;Thursday;10;1993
1993-10-22;Friday;10;1993
1993-10-23;Saturday;10;1993
1993-10-24;Sunday;10;1993
1993-10-25;Monday;10;1993
1993-10-26;Tuesday;10;1993
1993-10-27;Wednesday;10;1993
1993-10-28;Thursday;10;1993
1993-10-29;Friday;10;1993
1993-10-30;Saturday;10;1993
1993-10-31;Sunday;10;1993
1993-11-01;Monday;11;1993
1993-11-02;Tuesday;11;1993
1993-11-03;Wednesday;11;1993
1993-11-04;Thursday;11;1993
1993-11-05;Friday;11;1993
1993-11-06;Saturday;11;1993
1993-11-07;Sunday;11;1993
1993-11-08;Monday;11;1993
1993-11-09;Tuesday;11;1993
1993-11-10;Wednesday;11;1993
1993-11-11;Thursday;11;1993
1993-11-12;Friday;11;1993
1993-11-13;Saturday;11;1993
1993-11-14;Sunday;11;1993
1993-11-15;Monday;11;1993
1993-11-16;Tuesday;11;1993
1993-11-17;Wednesday;11;1993
1993-11-18;Thursday;11;1993
1993-11-19;Friday;11;1993
1993-11-20;Saturday;11;1993
1993-11-21;Sunday;11;1993
1993-11-22;Monday;11;1993
1993-11-23;Tuesday;11;1993
1993-11-24;Wednesday;11;1993
1993-11-25;Thursday;11;1993
1993-11-26;Friday;11;1993
1993-11-27;Saturday;11;1993
1993-11-28;Sunday;11;1993
1993-11-29;Monday;11;1993
1993-11-30;Tuesday;11;1993
1993-12-01;Wednesday;12;1993
1993-12-02;Thursday;12;1993
1993-12-03;Friday;12;1993
1993-12-04;Saturday;12;1993
1993-12-05;Sunday;12;1993
1993-12-06;Monday;12;1993
1993-12-07;Tuesday;12;1993
1993-12-08;Wednesday;12;1993
1993-12-09;Thursday;12;1993
1993-12-10;Friday;12;1993
1993-12-11;Saturday;12;1993
1993-12-12;Sunday;12;1993
1993-12-13;Monday;12;1993
1993-12-14;Tuesday;12;1993
1993-12-15;Wednesday;12;1993
1993-12-16;Thursday;12;1993
1993-12-17;Friday;12;1993
1993-12-18;Saturday;12;1993
1993-12-19;Sunday;12;1993
1993-12-20;Monday;12;1993
1993-12-21;Tuesday;12;1993
1993-12-22;Wednesday;12;1993
1993-12-23;Thursday;12;1993
1993-12-24;Friday;12;1993
1993-12-25;Saturday;12;1993
1993-12-26;Sunday;12;1993
1993-12-27;Monday;12;1993
1993-12-28;Tuesday;12;1993
1993-12-29;Wednesday;12;1993
1993-12-30;Thursday;12;1993
1993-12-31;Friday;12;1993
1994-01-01;Saturday;1;1994
1994-01-02;Sunday;1;1994
1994-01-03;Monday;1;1994
1994-01-04;Tuesday;1;1994
1994-01-05;Wednesday;1;1994
1994-01-06;Thursday;1;1994
1994-01-07;Friday;1;1994
1994-01-08;Saturday;1;1994
1994-01-09;Sunday;1;1994
1994-01-10;Monday;1;1994
1994-01-11;Tuesday;1;1994
1994-01-12;Wednesday;1;1994
1994-01-13;Thursday;1;1994
1994-01-14;Friday;1;1994
1994-01-15;Saturday;1;1994
1994-01-16;Sunday;1;1994
1994-01-17;Monday;1;1994
1994-01-18;Tuesday;1;1994
1994-01-19;Wednesday;1;1994
1994-01-20;Thursday;1;1994
1994-01-21;Friday;1;1994
1994-01-22;Saturday;1;1994
1994-01-23;Sunday;1;1994
1994-01-24;Monday;1;1994
1994-01-25;Tuesday;1;1994
1994-01-26;Wednesday;1;1994
1994-01-27;Thursday;1;1994
1994-01-28;Friday;1;1994
1994-01-29;Saturday;1;1994
1994-01-30;Sunday;1;1994
1994-01-31;Monday;1;1994
1994-02-01;Tuesday;2;1994
1994-02-02;Wednesday;2;1994
1994-02-03;Thursday;2;1994
1994-02-04;Friday;2;1994
1994-02-05;Saturday;2;1994
1994-02-06;Sunday;2;1994
1994-02-07;Monday;2;1994
1994-02-08;Tuesday;2;1994
1994-02-09;Wednesday;2;1994
1994-02-10;Thursday;2;1994
1994-02-11;Friday;2;1994
1994-02-12;Saturday;2;1994
1994-02-13;Sunday;2;1994
1994-02-14;Monday;2;1994
1994-02-15;Tuesday;2;1994
1994-02-16;Wednesday;2;1994
1994-02-17;Thursday;2;1994
1994-02-18;Friday;2;1994
1994-02-19;Saturday;2;1994
1994-02-20;Sunday;2;1994
1994-02-21;Monday;2;1994
1994-02-22;Tuesday;2;1994
1994-02-23;Wednesday;2;1994
1994-02-24;Thursday;2;1994
1994-02-25;Friday;2;1994
1994-02-26;Saturday;2;1994
1994-02-27;Sunday;2;1994
1994-02-28;Monday;2;1994
1994-03-01;Tuesday;3;1994
1994-03-02;Wednesday;3;1994
1994-03-03;Thursday;3;1994
1994-03-04;Friday;3;1994
1994-03-05;Saturday;3;1994
1994-03-06;Sunday;3;1994
1994-03-07;Monday;3;1994
1994-03-08;Tuesday;3;1994
1994-03-09;Wednesday;3;1994
1994-03-10;Thursday;3;1994
1994-03-11;Friday;3;1994
1994-03-12;Saturday;3;1994
1994-03-13;Sunday;3;1994
1994-03-14;Monday;3;1994
1994-03-15;Tuesday;3;1994
1994-03-16;Wednesday;3;1994
1994-03-17;Thursday;3;1994
1994-03-18;Friday;3;1994
1994-03-19;Saturday;3;1994
1994-03-20;Sunday;3;1994
1994-03-21;Monday;3;1994
1994-03-22;Tuesday;3;1994
1994-03-23;Wednesday;3;1994
1994-03-24;Thursday;3;1994
1994-03-25;Friday;3;1994
1994-03-26;Saturday;3;1994
1994-03-27;Sunday;3;1994
1994-03-28;Monday;3;1994
1994-03-29;Tuesday;3;1994
1994-03-30;Wednesday;3;1994
1994-03-31;Thursday;3;1994
1994-04-01;Friday;4;1994
1994-04-02;Saturday;4;1994
1994-04-03;Sunday;4;1994
1994-04-04;Monday;4;1994
1994-04-05;Tuesday;4;1994
1994-04-06;Wednesday;4;1994
1994-04-07;Thursday;4;1994
1994-04-08;Friday;4;1994
1994-04-09;Saturday;4;1994
1994-04-10;Sunday;4;1994
1994-04-11;Monday;4;1994
1994-04-12;Tuesday;4;1994
1994-04-13;Wednesday;4;1994
1994-04-14;Thursday;4;1994
1994-04-15;Friday;4;1994
1994-04-16;Saturday;4;1994
1994-04-17;Sunday;4;1994
1994-04-18;Monday;4;1994
1994-04-19;Tuesday;4;1994
1994-04-20;Wednesday;4;1994
1994-04-21;Thursday;4;1994
1994-04-22;Friday;4;1994
1994-04-23;Saturday;4;1994
1994-04-24;Sunday;4;1994
1994-04-25;Monday;4;1994
1994-04-26;Tuesday;4;1994
1994-04-27;Wednesday;4;1994
1994-04-28;Thursday;4;1994
1994-04-29;Friday;4;1994
1994-04-30;Saturday;4;1994
1994-05-01;Sunday;5;1994
1994-05-02;Monday;5;1994
1994-05-03;Tuesday;5;1994
1994-05-04;Wednesday;5;1994
1994-05-05;Thursday;5;1994
1994-05-06;Friday;5;1994
1994-05-07;Saturday;5;1994
1994-05-08;Sunday;5;1994
1994-05-09;Monday;5;1994
1994-05-10;Tuesday;5;1994
1994-05-11;Wednesday;5;1994
1994-05-12;Thursday;5;1994
1994-05-13;Friday;5;1994
1994-05-14;Saturday;5;1994
1994-05-15;Sunday;5;1994
1994-05-16;Monday;5;1994
1994-05-17;Tuesday;5;1994
1994-05-18;Wednesday;5;1994
1994-05-19;Thursday;5;1994
1994-05-20;Friday;5;1994
1994-05-21;Saturday;5;1994
1994-05-22;Sunday;5;1994
1994-05-23;Monday;5;1994
1994-05-24;Tuesday;5;1994
1994-05-25;Wednesday;5;1994
1994-05-26;Thursday;5;1994
1994-05-27;Friday;5;1994
1994-05-28;Saturday;5;1994
1994-05-29;Sunday;5;1994
1994-05-30;Monday;5;1994
1994-05-31;Tuesday;5;1994
1994-06-01;Wednesday;6;1994
1994-06-02;Thursday;6;1994
1994-06-03;Friday;6;1994
1994-06-04;Saturday;6;1994
1994-06-05;Sunday;6;1994
1994-06-06;Monday;6;1994
1994-06-07;Tuesday;6;1994
1994-06-08;Wednesday;6;1994
1994-06-09;Thursday;6;1994
1994-06-10;Friday;6;1994
1994-06-11;Saturday;6;1994
1994-06-12;Sunday;6;1994
1994-06-13;Monday;6;1994
1994-06-14;Tuesday;6;1994
1994-06-15;Wednesday;6;1994
1994-06-16;Thursday;6;1994
1994-06-17;Friday;6;1994
1994-06-18;Saturday;6;1994
1994-06-19;Sunday;6;1994
1994-06-20;Monday;6;1994
1994-06-21;Tuesday;6;1994
1994-06-22;Wednesday;6;1994
1994-06-23;Thursday;6;1994
1994-06-24;Friday;6;1994
1994-06-25;Saturday;6;1994
1994-06-26;Sunday;6;1994
1994-06-27;Monday;6;1994
1994-06-28;Tuesday;6;1994
1994-06-29;Wednesday;6;1994
1994-06-30;Thursday;6;1994
1994-07-01;Friday;7;1994
1994-07-02;Saturday;7;1994
1994-07-03;Sunday;7;1994
1994-07-04;Monday;7;1994
1994-07-05;Tuesday;7;1994
1994-07-06;Wednesday;7;1994
1994-07-07;Thursday;7;1994
1994-07-08;Friday;7;1994
1994-07-09;Saturday;7;1994
1994-07-10;Sunday;7;1994
1994-07-11;Monday;7;1994
1994-07-12;Tuesday;7;1994
1994-07-13;Wednesday;7;1994
1994-07-14;Thursday;7;1994
1994-07-15;Friday;7;1994
1994-07-16;Saturday;7;1994
1994-07-17;Sunday;7;1994
1994-07-18;Monday;7;1994
1994-07-19;Tuesday;7;1994
1994-07-20;Wednesday;7;1994
1994-07-21;Thursday;7;1994
1994-07-22;Friday;7;1994
1994-07-23;Saturday;7;1994
1994-07-24;Sunday;7;1994
1994-07-25;Monday;7;1994
1994-07-26;Tuesday;7;1994
1994-07-27;Wednesday;7;1994
1994-07-28;Thursday;7;1994
1994-07-29;Friday;7;1994
1994-07-30;Saturday;7;1994
1994-07-31;Sunday;7;1994
1994-08-01;Monday;8;1994
1994-08-02;Tuesday;8;1994
1994-08-03;Wednesday;8;1994
1994-08-04;Thursday;8;1994
1994-08-05;Friday;8;1994
1994-08-06;Saturday;8;1994
1994-08-07;Sunday;8;1994
1994-08-08;Monday;8;1994
1994-08-09;Tuesday;8;1994
1994-08-10;Wednesday;8;1994
1994-08-11;Thursday;8;1994
1994-08-12;Friday;8;1994
1994-08-13;Saturday;8;1994
1994-08-14;Sunday;8;1994
1994-08-15;Monday;8;1994
1994-08-16;Tuesday;8;1994
1994-08-17;Wednesday;8;1994
1994-08-18;Thursday;8;1994
1994-08-19;Friday;8;1994
1994-08-20;Saturday;8;1994
1994-08-21;Sunday;8;1994
1994-08-22;Monday;8;1994
1994-08-23;Tuesday;8;1994
1994-08-24;Wednesday;8;1994
1994-08-25;Thursday;8;1994
1994-08-26;Friday;8;1994
1994-08-27;Saturday;8;1994
1994-08-28;Sunday;8;1994
1994-08-29;Monday;8;1994
1994-08-30;Tuesday;8;1994
1994-08-31;Wednesday;8;1994
1994-09-01;Thursday;9;1994
1994-09-02;Friday;9;1994
1994-09-03;Saturday;9;1994
1994-09-04;Sunday;9;1994
1994-09-05;Monday;9;1994
1994-09-06;Tuesday;9;1994
1994-09-07;Wednesday;9;1994
1994-09-08;Thursday;9;1994
1994-09-09;Friday;9;1994
1994-09-10;Saturday;9;1994
1994-09-11;Sunday;9;1994
1994-09-12;Monday;9;1994
1994-09-13;Tuesday;9;1994
1994-09-14;Wednesday;9;1994
1994-09-15;Thursday;9;1994
1994-09-16;Friday;9;1994
1994-09-17;Saturday;9;1994
1994-09-18;Sunday;9;1994
1994-09-19;Monday;9;1994
1994-09-20;Tuesday;9;1994
1994-09-21;Wednesday;9;1994
1994-09-22;Thursday;9;1994
1994-09-23;Friday;9;1994
1994-09-24;Saturday;9;1994
1994-09-25;Sunday;9;1994
1994-09-26;Monday;9;1994
1994-09-27;Tuesday;9;1994
1994-09-28;Wednesday;9;1994
1994-09-29;Thursday;9;1994
1994-09-30;Friday;9;1994
1994-10-01;Saturday;10;1994
1994-10-02;Sunday;10;1994
1994-10-03;Monday;10;1994
1994-10-04;Tuesday;10;1994
1994-10-05;Wednesday;10;1994
1994-10-06;Thursday;10;1994
1994-10-07;Friday;10;1994
1994-10-08;Saturday;10;1994
1994-10-09;Sunday;10;1994
1994-10-10;Monday;10;1994
1994-10-11;Tuesday;10;1994
1994-10-12;Wednesday;10;1994
1994-10-13;Thursday;10;1994
1994-10-14;Friday;10;1994
1994-10-15;Saturday;10;1994
1994-10-16;Sunday;10;1994
1994-10-17;Monday;10;1994
1994-10-18;Tuesday;10;1994
1994-10-19;Wednesday;10;1994
1994-10-20;Thursday;10;1994
1994-10-21;Friday;10;1994
1994-10-22;Saturday;10;1994
1994-10-23;Sunday;10;1994
1994-10-24;Monday;10;1994
1994-10-25;Tuesday;10;1994
1994-10-26;Wednesday;10;1994
1994-10-27;Thursday;10;1994
1994-10-28;Friday;10;1994
1994-10-29;Saturday;10;1994
1994-10-30;Sunday;10;1994
1994-10-31;Monday;10;1994
1994-11-01;Tuesday;11;1994
1994-11-02;Wednesday;11;1994
1994-11-03;Thursday;11;1994
1994-11-04;Friday;11;1994
1994-11-05;Saturday;11;1994
1994-11-06;Sunday;11;1994
1994-11-07;Monday;11;1994
1994-11-08;Tuesday;11;1994
1994-11-09;Wednesday;11;1994
1994-11-10;Thursday;11;1994
1994-11-11;Friday;11;1994
1994-11-12;Saturday;11;1994
1994-11-13;Sunday;11;1994
1994-11-14;Monday;11;1994
1994-11-15;Tuesday;11;1994
1994-11-16;Wednesday;11;1994
1994-11-17;Thursday;11;1994
1994-11-18;Friday;11;1994
1994-11-19;Saturday;11;1994
1994-11-20;Sunday;11;1994
1994-11-21;Monday;11;1994
1994-11-22;Tuesday;11;1994
1994-11-23;Wednesday;11;1994
1994-11-24;Thursday;11;1994
1994-11-25;Friday;11;1994
1994-11-26;Saturday;11;1994
1994-11-27;Sunday;11;1994
1994-11-28;Monday;11;1994
1994-11-29;Tuesday;11;1994
1994-11-30;Wednesday;11;1994
1994-12-01;Thursday;12;1994
1994-12-02;Friday;12;1994
1994-12-03;Saturday;12;1994
1994-12-04;Sunday;12;1994
1994-12-05;Monday;12;1994
1994-12-06;Tuesday;12;1994
1994-12-07;Wednesday;12;1994
1994-12-08;Thursday;12;1994
1994-12-09;Friday;12;1994
1994-12-10;Saturday;12;1994
1994-12-11;Sunday;12;1994
1994-12-12;Monday;12;1994
1994-12-13;Tuesday;12;1994
1994-12-14;Wednesday;12;1994
1994-12-15;Thursday;12;1994
1994-12-16;Friday;12;1994
1994-12-17;Saturday;12;1994
1994-12-18;Sunday;12;1994
1994-12-19;Monday;12;1994
1994-12-20;Tuesday;12;1994
1994-12-21;Wednesday;12;1994
1994-12-22;Thursday;12;1994
1994-12-23;Friday;12;1994
1994-12-24;Saturday;12;1994
1994-12-25;Sunday;12;1994
1994-12-26;Monday;12;1994
1994-12-27;Tuesday;12;1994
1994-12-28;Wednesday;12;1994
1994-12-29;Thursday;12;1994
1994-12-30;Friday;12;1994
1994-12-31;Saturday;12;1994
1995-01-01;Sunday;1;1995
1995-01-02;Monday;1;1995
1995-01-03;Tuesday;1;1995
1995-01-04;Wednesday;1;1995
1995-01-05;Thursday;1;1995
1995-01-06;Friday;1;1995
1995-01-07;Saturday;1;1995
1995-01-08;Sunday;1;1995
1995-01-09;Monday;1;1995
1995-01-10;Tuesday;1;1995
1995-01-11;Wednesday;1;1995
1995-01-12;Thursday;1;1995
1995-01-13;Friday;1;1995
1995-01-14;Saturday;1;1995
1995-01-15;Sunday;1;1995
1995-01-16;Monday;1;1995
1995-01-17;Tuesday;1;1995
1995-01-18;Wednesday;1;1995
1995-01-19;Thursday;1;1995
1995-01-20;Friday;1;1995
1995-01-21;Saturday;1;1995
1995-01-22;Sunday;1;1995
1995-01-23;Monday;1;1995
1995-01-24;Tuesday;1;1995
1995-01-25;Wednesday;1;1995
1995-01-26;Thursday;1;1995
1995-01-27;Friday;1;1995
1995-01-28;Saturday;1;1995
1995-01-29;Sunday;1;1995
1995-01-30;Monday;1;1995
1995-01-31;Tuesday;1;1995
1995-02-01;Wednesday;2;1995
1995-02-02;Thursday;2;1995
1995-02-03;Friday;2;1995
1995-02-04;Saturday;2;1995
1995-02-05;Sunday;2;1995
1995-02-06;Monday;2;1995
1995-02-07;Tuesday;2;1995
1995-02-08;Wednesday;2;1995
1995-02-09;Thursday;2;1995
1995-02-10;Friday;2;1995
1995-02-11;Saturday;2;1995
1995-02-12;Sunday;2;1995
1995-02-13;Monday;2;1995
1995-02-14;Tuesday;2;1995
1995-02-15;Wednesday;2;1995
1995-02-16;Thursday;2;1995
1995-02-17;Friday;2;1995
1995-02-18;Saturday;2;1995
1995-02-19;Sunday;2;1995
1995-02-20;Monday;2;1995
1995-02-21;Tuesday;2;1995
1995-02-22;Wednesday;2;1995
1995-02-23;Thursday;2;1995
1995-02-24;Friday;2;1995
1995-02-25;Saturday;2;1995
1995-02-26;Sunday;2;1995
1995-02-27;Monday;2;1995
1995-02-28;Tuesday;2;1995
1995-03-01;Wednesday;3;1995
1995-03-02;Thursday;3;1995
1995-03-03;Friday;3;1995
1995-03-04;Saturday;3;1995
1995-03-05;Sunday;3;1995
1995-03-06;Monday;3;1995
1995-03-07;Tuesday;3;1995
1995-03-08;Wednesday;3;1995
1995-03-09;Thursday;3;1995
1995-03-10;Friday;3;1995
1995-03-11;Saturday;3;1995
1995-03-12;Sunday;3;1995
1995-03-13;Monday;3;1995
1995-03-14;Tuesday;3;1995
1995-03-15;Wednesday;3;1995
1995-03-16;Thursday;3;1995
1995-03-17;Friday;3;1995
1995-03-18;Saturday;3;1995
1995-03-19;Sunday;3;1995
1995-03-20;Monday;3;1995
1995-03-21;Tuesday;3;1995
1995-03-22;Wednesday;3;1995
1995-03-23;Thursday;3;1995
1995-03-24;Friday;3;1995
1995-03-25;Saturday;3;1995
1995-03-26;Sunday;3;1995
1995-03-27;Monday;3;1995
1995-03-28;Tuesday;3;1995
1995-03-29;Wednesday;3;1995
1995-03-30;Thursday;3;1995
1995-03-31;Friday;3;1995
1995-04-01;Saturday;4;1995
1995-04-02;Sunday;4;1995
1995-04-03;Monday;4;1995
1995-04-04;Tuesday;4;1995
1995-04-05;Wednesday;4;1995
1995-04-06;Thursday;4;1995
1995-04-07;Friday;4;1995
1995-04-08;Saturday;4;1995
1995-04-09;Sunday;4;1995
1995-04-10;Monday;4;1995
1995-04-11;Tuesday;4;1995
1995-04-12;Wednesday;4;1995
1995-04-13;Thursday;4;1995
1995-04-14;Friday;4;1995
1995-04-15;Saturday;4;1995
1995-04-16;Sunday;4;1995
1995-04-17;Monday;4;1995
1995-04-18;Tuesday;4;1995
1995-04-19;Wednesday;4;1995
1995-04-20;Thursday;4;1995
1995-04-21;Friday;4;1995
1995-04-22;Saturday;4;1995
1995-04-23;Sunday;4;1995
1995-04-24;Monday;4;1995
1995-04-25;Tuesday;4;1995
1995-04-26;Wednesday;4;1995
1995-04-27;Thursday;4;1995
1995-04-28;Friday;4;1995
1995-04-29;Saturday;4;1995
1995-04-30;Sunday;4;1995
1995-05-01;Monday;5;1995
1995-05-02;Tuesday;5;1995
1995-05-03;Wednesday;5;1995
1995-05-04;Thursday;5;1995
1995-05-05;Friday;5;1995
1995-05-06;Saturday;5;1995
1995-05-07;Sunday;5;1995
1995-05-08;Monday;5;1995
1995-05-09;Tuesday;5;1995
1995-05-10;Wednesday;5;1995
1995-05-11;Thursday;5;1995
1995-05-12;Friday;5;1995
1995-05-13;Saturday;5;1995
1995-05-14;Sunday;5;1995
1995-05-15;Monday;5;1995
1995-05-16;Tuesday;5;1995
1995-05-17;Wednesday;5;1995
1995-05-18;Thursday;5;1995
1995-05-19;Friday;5;1995
1995-05-20;Saturday;5;1995
1995-05-21;Sunday;5;1995
1995-05-22;Monday;5;1995
1995-05-23;Tuesday;5;1995
1995-05-24;Wednesday;5;1995
1995-05-25;Thursday;5;1995
1995-05-26;Friday;5;1995
1995-05-27;Saturday;5;1995
1995-05-28;Sunday;5;1995
1995-05-29;Monday;5;1995
1995-05-30;Tuesday;5;1995
1995-05-31;Wednesday;5;1995
1995-06-01;Thursday;6;1995
1995-06-02;Friday;6;1995
1995-06-03;Saturday;6;1995
1995-06-04;Sunday;6;1995
1995-06-05;Monday;6;1995
1995-06-06;Tuesday;6;1995
1995-06-07;Wednesday;6;1995
1995-06-08;Thursday;6;1995
1995-06-09;Friday;6;1995
1995-06-10;Saturday;6;1995
1995-06-11;Sunday;6;1995
1995-06-12;Monday;6;1995
1995-06-13;Tuesday;6;1995
1995-06-14;Wednesday;6;1995
1995-06-15;Thursday;6;1995
1995-06-16;Friday;6;1995
1995-06-17;Saturday;6;1995
1995-06-18;Sunday;6;1995
1995-06-19;Monday;6;1995
1995-06-20;Tuesday;6;1995
1995-06-21;Wednesday;6;1995
1995-06-22;Thursday;6;1995
1995-06-23;Friday;6;1995
1995-06-24;Saturday;6;1995
1995-06-25;Sunday;6;1995
1995-06-26;Monday;6;1995
1995-06-27;Tuesday;6;1995
1995-06-28;Wednesday;6;1995
1995-06-29;Thursday;6;1995
1995-06-30;Friday;6;1995
1995-07-01;Saturday;7;1995
1995-07-02;Sunday;7;1995
1995-07-03;Monday;7;1995
1995-07-04;Tuesday;7;1995
1995-07-05;Wednesday;7;1995
1995-07-06;Thursday;7;1995
1995-07-07;Friday;7;1995
1995-07-08;Saturday;7;1995
1995-07-09;Sunday;7;1995
1995-07-10;Monday;7;1995
1995-07-11;Tuesday;7;1995
1995-07-12;Wednesday;7;1995
1995-07-13;Thursday;7;1995
1995-07-14;Friday;7;1995
1995-07-15;Saturday;7;1995
1995-07-16;Sunday;7;1995
1995-07-17;Monday;7;1995
1995-07-18;Tuesday;7;1995
1995-07-19;Wednesday;7;1995
1995-07-20;Thursday;7;1995
1995-07-21;Friday;7;1995
1995-07-22;Saturday;7;1995
1995-07-23;Sunday;7;1995
1995-07-24;Monday;7;1995
1995-07-25;Tuesday;7;1995
1995-07-26;Wednesday;7;1995
1995-07-27;Thursday;7;1995
1995-07-28;Friday;7;1995
1995-07-29;Saturday;7;1995
1995-07-30;Sunday;7;1995
1995-07-31;Monday;7;1995
1995-08-01;Tuesday;8;1995
1995-08-02;Wednesday;8;1995
1995-08-03;Thursday;8;1995
1995-08-04;Friday;8;1995
1995-08-05;Saturday;8;1995
1995-08-06;Sunday;8;1995
1995-08-07;Monday;8;1995
1995-08-08;Tuesday;8;1995
1995-08-09;Wednesday;8;1995
1995-08-10;Thursday;8;1995
1995-08-11;Friday;8;1995
1995-08-12;Saturday;8;1995
1995-08-13;Sunday;8;1995
1995-08-14;Monday;8;1995
1995-08-15;Tuesday;8;1995
1995-08-16;Wednesday;8;1995
1995-08-17;Thursday;8;1995
1995-08-18;Friday;8;1995
1995-08-19;Saturday;8;1995
1995-08-20;Sunday;8;1995
1995-08-21;Monday;8;1995
1995-08-22;Tuesday;8;1995
1995-08-23;Wednesday;8;1995
1995-08-24;Thursday;8;1995
1995-08-25;Friday;8;1995
1995-08-26;Saturday;8;1995
1995-08-27;Sunday;8;1995
1995-08-28;Monday;8;1995
1995-08-29;Tuesday;8;1995
1995-08-30;Wednesday;8;1995
1995-08-31;Thursday;8;1995
1995-09-01;Friday;9;1995
1995-09-02;Saturday;9;1995
1995-09-03;Sunday;9;1995
1995-09-04;Monday;9;1995
1995-09-05;Tuesday;9;1995
1995-09-06;Wednesday;9;1995
1995-09-07;Thursday;9;1995
1995-09-08;Friday;9;1995
1995-09-09;Saturday;9;1995
1995-09-10;Sunday;9;1995
1995-09-11;Monday;9;1995
1995-09-12;Tuesday;9;1995
1995-09-13;Wednesday;9;1995
1995-09-14;Thursday;9;1995
1995-09-15;Friday;9;1995
1995-09-16;Saturday;9;1995
1995-09-17;Sunday;9;1995
1995-09-18;Monday;9;1995
1995-09-19;Tuesday;9;1995
1995-09-20;Wednesday;9;1995
1995-09-21;Thursday;9;1995
1995-09-22;Friday;9;1995
1995-09-23;Saturday;9;1995
1995-09-24;Sunday;9;1995
1995-09-25;Monday;9;1995
1995-09-26;Tuesday;9;1995
1995-09-27;Wednesday;9;1995
1995-09-28;Thursday;9;1995
1995-09-29;Friday;9;1995
1995-09-30;Saturday;9;1995
1995-10-01;Sunday;10;1995
1995-10-02;Monday;10;1995
1995-10-03;Tuesday;10;1995
1995-10-04;Wednesday;10;1995
1995-10-05;Thursday;10;1995
1995-10-06;Friday;10;1995
1995-10-07;Saturday;10;1995
1995-10-08;Sunday;10;1995
1995-10-09;Monday;10;1995
1995-10-10;Tuesday;10;1995
1995-10-11;Wednesday;10;1995
1995-10-12;Thursday;10;1995
1995-10-13;Friday;10;1995
1995-10-14;Saturday;10;1995
1995-10-15;Sunday;10;1995
1995-10-16;Monday;10;1995
1995-10-17;Tuesday;10;1995
1995-10-18;Wednesday;10;1995
1995-10-19;Thursday;10;1995
1995-10-20;Friday;10;1995
1995-10-21;Saturday;10;1995
1995-10-22;Sunday;10;1995
1995-10-23;Monday;10;1995
1995-10-24;Tuesday;10;1995
1995-10-25;Wednesday;10;1995
1995-10-26;Thursday;10;1995
1995-10-27;Friday;10;1995
1995-10-28;Saturday;10;1995
1995-10-29;Sunday;10;1995
1995-10-30;Monday;10;1995
1995-10-31;Tuesday;10;1995
1995-11-01;Wednesday;11;1995
1995-11-02;Thursday;11;1995
1995-11-03;Friday;11;1995
1995-11-04;Saturday;11;1995
1995-11-05;Sunday;11;1995
1995-11-06;Monday;11;1995
1995-11-07;Tuesday;11;1995
1995-11-08;Wednesday;11;1995
1995-11-09;Thursday;11;1995
1995-11-10;Friday;11;1995
1995-11-11;Saturday;11;1995
1995-11-12;Sunday;11;1995
1995-11-13;Monday;11;1995
1995-11-14;Tuesday;11;1995
1995-11-15;Wednesday;11;1995
1995-11-16;Thursday;11;1995
1995-11-17;Friday;11;1995
1995-11-18;Saturday;11;1995
1995-11-19;Sunday;11;1995
1995-11-20;Monday;11;1995
1995-11-21;Tuesday;11;1995
1995-11-22;Wednesday;11;1995
1995-11-23;Thursday;11;1995
1995-11-24;Friday;11;1995
1995-11-25;Saturday;11;1995
1995-11-26;Sunday;11;1995
1995-11-27;Monday;11;1995
1995-11-28;Tuesday;11;1995
1995-11-29;Wednesday;11;1995
1995-11-30;Thursday;11;1995
1995-12-01;Friday;12;1995
1995-12-02;Saturday;12;1995
1995-12-03;Sunday;12;1995
1995-12-04;Monday;12;1995
1995-12-05;Tuesday;12;1995
1995-12-06;Wednesday;12;1995
1995-12-07;Thursday;12;1995
1995-12-08;Friday;12;1995
1995-12-09;Saturday;12;1995
1995-12-10;Sunday;12;1995
1995-12-11;Monday;12;1995
1995-12-12;Tuesday;12;1995
1995-12-13;Wednesday;12;1995
1995-12-14;Thursday;12;1995
1995-12-15;Friday;12;1995
1995-12-16;Saturday;12;1995
1995-12-17;Sunday;12;1995
1995-12-18;Monday;12;1995
1995-12-19;Tuesday;12;1995
1995-12-20;Wednesday;12;1995
1995-12-21;Thursday;12;1995
1995-12-22;Friday;12;1995
1995-12-23;Saturday;12;1995
1995-12-24;Sunday;12;1995
1995-12-25;Monday;12;1995
1995-12-26;Tuesday;12;1995
1995-12-27;Wednesday;12;1995
1995-12-28;Thursday;12;1995
1995-12-29;Friday;12;1995
1995-12-30;Saturday;12;1995
1995-12-31;Sunday;12;1995
1996-01-01;Monday;1;1996
1996-01-02;Tuesday;1;1996
1996-01-03;Wednesday;1;1996
1996-01-04;Thursday;1;1996
1996-01-05;Friday;1;1996
1996-01-06;Saturday;1;1996
1996-01-07;Sunday;1;1996
1996-01-08;Monday;1;1996
1996-01-09;Tuesday;1;1996
1996-01-10;Wednesday;1;1996
1996-01-11;Thursday;1;1996
1996-01-12;Friday;1;1996
1996-01-13;Saturday;1;1996
1996-01-14;Sunday;1;1996
1996-01-15;Monday;1;1996
1996-01-16;Tuesday;1;1996
1996-01-17;Wednesday;1;1996
1996-01-18;Thursday;1;1996
1996-01-19;Friday;1;1996
1996-01-20;Saturday;1;1996
1996-01-21;Sunday;1;1996
1996-01-22;Monday;1;1996
1996-01-23;Tuesday;1;1996
1996-01-24;Wednesday;1;1996
1996-01-25;Thursday;1;1996
1996-01-26;Friday;1;1996
1996-01-27;Saturday;1;1996
1996-01-28;Sunday;1;1996
1996-01-29;Monday;1;1996
1996-01-30;Tuesday;1;1996
1996-01-31;Wednesday;1;1996
1996-02-01;Thursday;2;1996
1996-02-02;Friday;2;1996
1996-02-03;Saturday;2;1996
1996-02-04;Sunday;2;1996
1996-02-05;Monday;2;1996
1996-02-06;Tuesday;2;1996
1996-02-07;Wednesday;2;1996
1996-02-08;Thursday;2;1996
1996-02-09;Friday;2;1996
1996-02-10;Saturday;2;1996
1996-02-11;Sunday;2;1996
1996-02-12;Monday;2;1996
1996-02-13;Tuesday;2;1996
1996-02-14;Wednesday;2;1996
1996-02-15;Thursday;2;1996
1996-02-16;Friday;2;1996
1996-02-17;Saturday;2;1996
1996-02-18;Sunday;2;1996
1996-02-19;Monday;2;1996
1996-02-20;Tuesday;2;1996
1996-02-21;Wednesday;2;1996
1996-02-22;Thursday;2;1996
1996-02-23;Friday;2;1996
1996-02-24;Saturday;2;1996
1996-02-25;Sunday;2;1996
1996-02-26;Monday;2;1996
1996-02-27;Tuesday;2;1996
1996-02-28;Wednesday;2;1996
1996-02-29;Thursday;2;1996
1996-03-01;Friday;3;1996
1996-03-02;Saturday;3;1996
1996-03-03;Sunday;3;1996
1996-03-04;Monday;3;1996
1996-03-05;Tuesday;3;1996
1996-03-06;Wednesday;3;1996
1996-03-07;Thursday;3;1996
1996-03-08;Friday;3;1996
1996-03-09;Saturday;3;1996
1996-03-10;Sunday;3;1996
1996-03-11;Monday;3;1996
1996-03-12;Tuesday;3;1996
1996-03-13;Wednesday;3;1996
1996-03-14;Thursday;3;1996
1996-03-15;Friday;3;1996
1996-03-16;Saturday;3;1996
1996-03-17;Sunday;3;1996
1996-03-18;Monday;3;1996
1996-03-19;Tuesday;3;1996
1996-03-20;Wednesday;3;1996
1996-03-21;Thursday;3;1996
1996-03-22;Friday;3;1996
1996-03-23;Saturday;3;1996
1996-03-24;Sunday;3;1996
1996-03-25;Monday;3;1996
1996-03-26;Tuesday;3;1996
1996-03-27;Wednesday;3;1996
1996-03-28;Thursday;3;1996
1996-03-29;Friday;3;1996
1996-03-30;Saturday;3;1996
1996-03-31;Sunday;3;1996
1996-04-01;Monday;4;1996
1996-04-02;Tuesday;4;1996
1996-04-03;Wednesday;4;1996
1996-04-04;Thursday;4;1996
1996-04-05;Friday;4;1996
1996-04-06;Saturday;4;1996
1996-04-07;Sunday;4;1996
1996-04-08;Monday;4;1996
1996-04-09;Tuesday;4;1996
1996-04-10;Wednesday;4;1996
1996-04-11;Thursday;4;1996
1996-04-12;Friday;4;1996
1996-04-13;Saturday;4;1996
1996-04-14;Sunday;4;1996
1996-04-15;Monday;4;1996
1996-04-16;Tuesday;4;1996
1996-04-17;Wednesday;4;1996
1996-04-18;Thursday;4;1996
1996-04-19;Friday;4;1996
1996-04-20;Saturday;4;1996
1996-04-21;Sunday;4;1996
1996-04-22;Monday;4;1996
1996-04-23;Tuesday;4;1996
1996-04-24;Wednesday;4;1996
1996-04-25;Thursday;4;1996
1996-04-26;Friday;4;1996
1996-04-27;Saturday;4;1996
1996-04-28;Sunday;4;1996
1996-04-29;Monday;4;1996
1996-04-30;Tuesday;4;1996
1996-05-01;Wednesday;5;1996
1996-05-02;Thursday;5;1996
1996-05-03;Friday;5;1996
1996-05-04;Saturday;5;1996
1996-05-05;Sunday;5;1996
1996-05-06;Monday;5;1996
1996-05-07;Tuesday;5;1996
1996-05-08;Wednesday;5;1996
1996-05-09;Thursday;5;1996
1996-05-10;Friday;5;1996
1996-05-11;Saturday;5;1996
1996-05-12;Sunday;5;1996
1996-05-13;Monday;5;1996
1996-05-14;Tuesday;5;1996
1996-05-15;Wednesday;5;1996
1996-05-16;Thursday;5;1996
1996-05-17;Friday;5;1996
1996-05-18;Saturday;5;1996
1996-05-19;Sunday;5;1996
1996-05-20;Monday;5;1996
1996-05-21;Tuesday;5;1996
1996-05-22;Wednesday;5;1996
1996-05-23;Thursday;5;1996
1996-05-24;Friday;5;1996
1996-05-25;Saturday;5;1996
1996-05-26;Sunday;5;1996
1996-05-27;Monday;5;1996
1996-05-28;Tuesday;5;1996
1996-05-29;Wednesday;5;1996
1996-05-30;Thursday;5;1996
1996-05-31;Friday;5;1996
1996-06-01;Saturday;6;1996
1996-06-02;Sunday;6;1996
1996-06-03;Monday;6;1996
1996-06-04;Tuesday;6;1996
1996-06-05;Wednesday;6;1996
1996-06-06;Thursday;6;1996
1996-06-07;Friday;6;1996
1996-06-08;Saturday;6;1996
1996-06-09;Sunday;6;1996
1996-06-10;Monday;6;1996
1996-06-11;Tuesday;6;1996
1996-06-12;Wednesday;6;1996
1996-06-13;Thursday;6;1996
1996-06-14;Friday;6;1996
1996-06-15;Saturday;6;1996
1996-06-16;Sunday;6;1996
1996-06-17;Monday;6;1996
1996-06-18;Tuesday;6;1996
1996-06-19;Wednesday;6;1996
1996-06-20;Thursday;6;1996
1996-06-21;Friday;6;1996
1996-06-22;Saturday;6;1996
1996-06-23;Sunday;6;1996
1996-06-24;Monday;6;1996
1996-06-25;Tuesday;6;1996
1996-06-26;Wednesday;6;1996
1996-06-27;Thursday;6;1996
1996-06-28;Friday;6;1996
1996-06-29;Saturday;6;1996
1996-06-30;Sunday;6;1996
1996-07-01;Monday;7;1996
1996-07-02;Tuesday;7;1996
1996-07-03;Wednesday;7;1996
1996-07-04;Thursday;7;1996
1996-07-05;Friday;7;1996
1996-07-06;Saturday;7;1996
1996-07-07;Sunday;7;1996
1996-07-08;Monday;7;1996
1996-07-09;Tuesday;7;1996
1996-07-10;Wednesday;7;1996
1996-07-11;Thursday;7;1996
1996-07-12;Friday;7;1996
1996-07-13;Saturday;7;1996
1996-07-14;Sunday;7;1996
1996-07-15;Monday;7;1996
1996-07-16;Tuesday;7;1996
1996-07-17;Wednesday;7;1996
1996-07-18;Thursday;7;1996
1996-07-19;Friday;7;1996
1996-07-20;Saturday;7;1996
1996-07-21;Sunday;7;1996
1996-07-22;Monday;7;1996
1996-07-23;Tuesday;7;1996
1996-07-24;Wednesday;7;1996
1996-07-25;Thursday;7;1996
1996-07-26;Friday;7;1996
1996-07-27;Saturday;7;1996
1996-07-28;Sunday;7;1996
1996-07-29;Monday;7;1996
1996-07-30;Tuesday;7;1996
1996-07-31;Wednesday;7;1996
1996-08-01;Thursday;8;1996
1996-08-02;Friday;8;1996
1996-08-03;Saturday;8;1996
1996-08-04;Sunday;8;1996
1996-08-05;Monday;8;1996
1996-08-06;Tuesday;8;1996
1996-08-07;Wednesday;8;1996
1996-08-08;Thursday;8;1996
1996-08-09;Friday;8;1996
1996-08-10;Saturday;8;1996
1996-08-11;Sunday;8;1996
1996-08-12;Monday;8;1996
1996-08-13;Tuesday;8;1996
1996-08-14;Wednesday;8;1996
1996-08-15;Thursday;8;1996
1996-08-16;Friday;8;1996
1996-08-17;Saturday;8;1996
1996-08-18;Sunday;8;1996
1996-08-19;Monday;8;1996
1996-08-20;Tuesday;8;1996
1996-08-21;Wednesday;8;1996
1996-08-22;Thursday;8;1996
1996-08-23;Friday;8;1996
1996-08-24;Saturday;8;1996
1996-08-25;Sunday;8;1996
1996-08-26;Monday;8;1996
1996-08-27;Tuesday;8;1996
1996-08-28;Wednesday;8;1996
1996-08-29;Thursday;8;1996
1996-08-30;Friday;8;1996
1996-08-31;Saturday;8;1996
1996-09-01;Sunday;9;1996
1996-09-02;Monday;9;1996
1996-09-03;Tuesday;9;1996
1996-09-04;Wednesday;9;1996
1996-09-05;Thursday;9;1996
1996-09-06;Friday;9;1996
1996-09-07;Saturday;9;1996
1996-09-08;Sunday;9;1996
1996-09-09;Monday;9;1996
1996-09-10;Tuesday;9;1996
1996-09-11;Wednesday;9;1996
1996-09-12;Thursday;9;1996
1996-09-13;Friday;9;1996
1996-09-14;Saturday;9;1996
1996-09-15;Sunday;9;1996
1996-09-16;Monday;9;1996
1996-09-17;Tuesday;9;1996
1996-09-18;Wednesday;9;1996
1996-09-19;Thursday;9;1996
1996-09-20;Friday;9;1996
1996-09-21;Saturday;9;1996
1996-09-22;Sunday;9;1996
1996-09-23;Monday;9;1996
1996-09-24;Tuesday;9;1996
1996-09-25;Wednesday;9;1996
1996-09-26;Thursday;9;1996
1996-09-27;Friday;9;1996
1996-09-28;Saturday;9;1996
1996-09-29;Sunday;9;1996
1996-09-30;Monday;9;1996
1996-10-01;Tuesday;10;1996
1996-10-02;Wednesday;10;1996
1996-10-03;Thursday;10;1996
1996-10-04;Friday;10;1996
1996-10-05;Saturday;10;1996
1996-10-06;Sunday;10;1996
1996-10-07;Monday;10;1996
1996-10-08;Tuesday;10;1996
1996-10-09;Wednesday;10;1996
1996-10-10;Thursday;10;1996
1996-10-11;Friday;10;1996
1996-10-12;Saturday;10;1996
1996-10-13;Sunday;10;1996
1996-10-14;Monday;10;1996
1996-10-15;Tuesday;10;1996
1996-10-16;Wednesday;10;1996
1996-10-17;Thursday;10;1996
1996-10-18;Friday;10;1996
1996-10-19;Saturday;10;1996
1996-10-20;Sunday;10;1996
1996-10-21;Monday;10;1996
1996-10-22;Tuesday;10;1996
1996-10-23;Wednesday;10;1996
1996-10-24;Thursday;10;1996
1996-10-25;Friday;10;1996
1996-10-26;Saturday;10;1996
1996-10-27;Sunday;10;1996
1996-10-28;Monday;10;1996
1996-10-29;Tuesday;10;1996
1996-10-30;Wednesday;10;1996
1996-10-31;Thursday;10;1996
1996-11-01;Friday;11;1996
1996-11-02;Saturday;11;1996
1996-11-03;Sunday;11;1996
1996-11-04;Monday;11;1996
1996-11-05;Tuesday;11;1996
1996-11-06;Wednesday;11;1996
1996-11-07;Thursday;11;1996
1996-11-08;Friday;11;1996
1996-11-09;Saturday;11;1996
1996-11-10;Sunday;11;1996
1996-11-11;Monday;11;1996
1996-11-12;Tuesday;11;1996
1996-11-13;Wednesday;11;1996
1996-11-14;Thursday;11;1996
1996-11-15;Friday;11;1996
1996-11-16;Saturday;11;1996
1996-11-17;Sunday;11;1996
1996-11-18;Monday;11;1996
1996-11-19;Tuesday;11;1996
1996-11-20;Wednesday;11;1996
1996-11-21;Thursday;11;1996
1996-11-22;Friday;11;1996
1996-11-23;Saturday;11;1996
1996-11-24;Sunday;11;1996
1996-11-25;Monday;11;1996
1996-11-26;Tuesday;11;1996
1996-11-27;Wednesday;11;1996
1996-11-28;Thursday;11;1996
1996-11-29;Friday;11;1996
1996-11-30;Saturday;11;1996
1996-12-01;Sunday;12;1996
1996-12-02;Monday;12;1996
1996-12-03;Tuesday;12;1996
1996-12-04;Wednesday;12;1996
1996-12-05;Thursday;12;1996
1996-12-06;Friday;12;1996
1996-12-07;Saturday;12;1996
1996-12-08;Sunday;12;1996
1996-12-09;Monday;12;1996
1996-12-10;Tuesday;12;1996
1996-12-11;Wednesday;12;1996
1996-12-12;Thursday;12;1996
1996-12-13;Friday;12;1996
1996-12-14;Saturday;12;1996
1996-12-15;Sunday;12;1996
1996-12-16;Monday;12;1996
1996-12-17;Tuesday;12;1996
1996-12-18;Wednesday;12;1996
1996-12-19;Thursday;12;1996
1996-12-20;Friday;12;1996
1996-12-21;Saturday;12;1996
1996-12-22;Sunday;12;1996
1996-12-23;Monday;12;1996
1996-12-24;Tuesday;12;1996
1996-12-25;Wednesday;12;1996
1996-12-26;Thursday;12;1996
1996-12-27;Friday;12;1996
1996-12-28;Saturday;12;1996
1996-12-29;Sunday;12;1996
1996-12-30;Monday;12;1996
1996-12-31;Tuesday;12;1996
1997-01-01;Wednesday;1;1997
1997-01-02;Thursday;1;1997
1997-01-03;Friday;1;1997
1997-01-04;Saturday;1;1997
1997-01-05;Sunday;1;1997
1997-01-06;Monday;1;1997
1997-01-07;Tuesday;1;1997
1997-01-08;Wednesday;1;1997
1997-01-09;Thursday;1;1997
1997-01-10;Friday;1;1997
1997-01-11;Saturday;1;1997
1997-01-12;Sunday;1;1997
1997-01-13;Monday;1;1997
1997-01-14;Tuesday;1;1997
1997-01-15;Wednesday;1;1997
1997-01-16;Thursday;1;1997
1997-01-17;Friday;1;1997
1997-01-18;Saturday;1;1997
1997-01-19;Sunday;1;1997
1997-01-20;Monday;1;1997
1997-01-21;Tuesday;1;1997
1997-01-22;Wednesday;1;1997
1997-01-23;Thursday;1;1997
1997-01-24;Friday;1;1997
1997-01-25;Saturday;1;1997
1997-01-26;Sunday;1;1997
1997-01-27;Monday;1;1997
1997-01-28;Tuesday;1;1997
1997-01-29;Wednesday;1;1997
1997-01-30;Thursday;1;1997
1997-01-31;Friday;1;1997
1997-02-01;Saturday;2;1997
1997-02-02;Sunday;2;1997
1997-02-03;Monday;2;1997
1997-02-04;Tuesday;2;1997
1997-02-05;Wednesday;2;1997
1997-02-06;Thursday;2;1997
1997-02-07;Friday;2;1997
1997-02-08;Saturday;2;1997
1997-02-09;Sunday;2;1997
1997-02-10;Monday;2;1997
1997-02-11;Tuesday;2;1997
1997-02-12;Wednesday;2;1997
1997-02-13;Thursday;2;1997
1997-02-14;Friday;2;1997
1997-02-15;Saturday;2;1997
1997-02-16;Sunday;2;1997
1997-02-17;Monday;2;1997
1997-02-18;Tuesday;2;1997
1997-02-19;Wednesday;2;1997
1997-02-20;Thursday;2;1997
1997-02-21;Friday;2;1997
1997-02-22;Saturday;2;1997
1997-02-23;Sunday;2;1997
1997-02-24;Monday;2;1997
1997-02-25;Tuesday;2;1997
1997-02-26;Wednesday;2;1997
1997-02-27;Thursday;2;1997
1997-02-28;Friday;2;1997
1997-03-01;Saturday;3;1997
1997-03-02;Sunday;3;1997
1997-03-03;Monday;3;1997
1997-03-04;Tuesday;3;1997
1997-03-05;Wednesday;3;1997
1997-03-06;Thursday;3;1997
1997-03-07;Friday;3;1997
1997-03-08;Saturday;3;1997
1997-03-09;Sunday;3;1997
1997-03-10;Monday;3;1997
1997-03-11;Tuesday;3;1997
1997-03-12;Wednesday;3;1997
1997-03-13;Thursday;3;1997
1997-03-14;Friday;3;1997
1997-03-15;Saturday;3;1997
1997-03-16;Sunday;3;1997
1997-03-17;Monday;3;1997
1997-03-18;Tuesday;3;1997
1997-03-19;Wednesday;3;1997
1997-03-20;Thursday;3;1997
1997-03-21;Friday;3;1997
1997-03-22;Saturday;3;1997
1997-03-23;Sunday;3;1997
1997-03-24;Monday;3;1997
1997-03-25;Tuesday;3;1997
1997-03-26;Wednesday;3;1997
1997-03-27;Thursday;3;1997
1997-03-28;Friday;3;1997
1997-03-29;Saturday;3;1997
1997-03-30;Sunday;3;1997
1997-03-31;Monday;3;1997
1997-04-01;Tuesday;4;1997
1997-04-02;Wednesday;4;1997
1997-04-03;Thursday;4;1997
1997-04-04;Friday;4;1997
1997-04-05;Saturday;4;1997
1997-04-06;Sunday;4;1997
1997-04-07;Monday;4;1997
1997-04-08;Tuesday;4;1997
1997-04-09;Wednesday;4;1997
1997-04-10;Thursday;4;1997
1997-04-11;Friday;4;1997
1997-04-12;Saturday;4;1997
1997-04-13;Sunday;4;1997
1997-04-14;Monday;4;1997
1997-04-15;Tuesday;4;1997
1997-04-16;Wednesday;4;1997
1997-04-17;Thursday;4;1997
1997-04-18;Friday;4;1997
1997-04-19;Saturday;4;1997
1997-04-20;Sunday;4;1997
1997-04-21;Monday;4;1997
1997-04-22;Tuesday;4;1997
1997-04-23;Wednesday;4;1997
1997-04-24;Thursday;4;1997
1997-04-25;Friday;4;1997
1997-04-26;Saturday;4;1997
1997-04-27;Sunday;4;1997
1997-04-28;Monday;4;1997
1997-04-29;Tuesday;4;1997
1997-04-30;Wednesday;4;1997
1997-05-01;Thursday;5;1997
1997-05-02;Friday;5;1997
1997-05-03;Saturday;5;1997
1997-05-04;Sunday;5;1997
1997-05-05;Monday;5;1997
1997-05-06;Tuesday;5;1997
1997-05-07;Wednesday;5;1997
1997-05-08;Thursday;5;1997
1997-05-09;Friday;5;1997
1997-05-10;Saturday;5;1997
1997-05-11;Sunday;5;1997
1997-05-12;Monday;5;1997
1997-05-13;Tuesday;5;1997
1997-05-14;Wednesday;5;1997
1997-05-15;Thursday;5;1997
1997-05-16;Friday;5;1997
1997-05-17;Saturday;5;1997
1997-05-18;Sunday;5;1997
1997-05-19;Monday;5;1997
1997-05-20;Tuesday;5;1997
1997-05-21;Wednesday;5;1997
1997-05-22;Thursday;5;1997
1997-05-23;Friday;5;1997
1997-05-24;Saturday;5;1997
1997-05-25;Sunday;5;1997
1997-05-26;Monday;5;1997
1997-05-27;Tuesday;5;1997
1997-05-28;Wednesday;5;1997
1997-05-29;Thursday;5;1997
1997-05-30;Friday;5;1997
1997-05-31;Saturday;5;1997
1997-06-01;Sunday;6;1997
1997-06-02;Monday;6;1997
1997-06-03;Tuesday;6;1997
1997-06-04;Wednesday;6;1997
1997-06-05;Thursday;6;1997
1997-06-06;Friday;6;1997
1997-06-07;Saturday;6;1997
1997-06-08;Sunday;6;1997
1997-06-09;Monday;6;1997
1997-06-10;Tuesday;6;1997
1997-06-11;Wednesday;6;1997
1997-06-12;Thursday;6;1997
1997-06-13;Friday;6;1997
1997-06-14;Saturday;6;1997
1997-06-15;Sunday;6;1997
1997-06-16;Monday;6;1997
1997-06-17;Tuesday;6;1997
1997-06-18;Wednesday;6;1997
1997-06-19;Thursday;6;1997
1997-06-20;Friday;6;1997
1997-06-21;Saturday;6;1997
1997-06-22;Sunday;6;1997
1997-06-23;Monday;6;1997
1997-06-24;Tuesday;6;1997
1997-06-25;Wednesday;6;1997
1997-06-26;Thursday;6;1997
1997-06-27;Friday;6;1997
1997-06-28;Saturday;6;1997
1997-06-29;Sunday;6;1997
1997-06-30;Monday;6;1997
1997-07-01;Tuesday;7;1997
1997-07-02;Wednesday;7;1997
1997-07-03;Thursday;7;1997
1997-07-04;Friday;7;1997
1997-07-05;Saturday;7;1997
1997-07-06;Sunday;7;1997
1997-07-07;Monday;7;1997
1997-07-08;Tuesday;7;1997
1997-07-09;Wednesday;7;1997
1997-07-10;Thursday;7;1997
1997-07-11;Friday;7;1997
1997-07-12;Saturday;7;1997
1997-07-13;Sunday;7;1997
1997-07-14;Monday;7;1997
1997-07-15;Tuesday;7;1997
1997-07-16;Wednesday;7;1997
1997-07-17;Thursday;7;1997
1997-07-18;Friday;7;1997
1997-07-19;Saturday;7;1997
1997-07-20;Sunday;7;1997
1997-07-21;Monday;7;1997
1997-07-22;Tuesday;7;1997
1997-07-23;Wednesday;7;1997
1997-07-24;Thursday;7;1997
1997-07-25;Friday;7;1997
1997-07-26;Saturday;7;1997
1997-07-27;Sunday;7;1997
1997-07-28;Monday;7;1997
1997-07-29;Tuesday;7;1997
1997-07-30;Wednesday;7;1997
1997-07-31;Thursday;7;1997
1997-08-01;Friday;8;1997
1997-08-02;Saturday;8;1997
1997-08-03;Sunday;8;1997
1997-08-04;Monday;8;1997
1997-08-05;Tuesday;8;1997
1997-08-06;Wednesday;8;1997
1997-08-07;Thursday;8;1997
1997-08-08;Friday;8;1997
1997-08-09;Saturday;8;1997
1997-08-10;Sunday;8;1997
1997-08-11;Monday;8;1997
1997-08-12;Tuesday;8;1997
1997-08-13;Wednesday;8;1997
1997-08-14;Thursday;8;1997
1997-08-15;Friday;8;1997
1997-08-16;Saturday;8;1997
1997-08-17;Sunday;8;1997
1997-08-18;Monday;8;1997
1997-08-19;Tuesday;8;1997
1997-08-20;Wednesday;8;1997
1997-08-21;Thursday;8;1997
1997-08-22;Friday;8;1997
1997-08-23;Saturday;8;1997
1997-08-24;Sunday;8;1997
1997-08-25;Monday;8;1997
1997-08-26;Tuesday;8;1997
1997-08-27;Wednesday;8;1997
1997-08-28;Thursday;8;1997
1997-08-29;Friday;8;1997
1997-08-30;Saturday;8;1997
1997-08-31;Sunday;8;1997
1997-09-01;Monday;9;1997
1997-09-02;Tuesday;9;1997
1997-09-03;Wednesday;9;1997
1997-09-04;Thursday;9;1997
1997-09-05;Friday;9;1997
1997-09-06;Saturday;9;1997
1997-09-07;Sunday;9;1997
1997-09-08;Monday;9;1997
1997-09-09;Tuesday;9;1997
1997-09-10;Wednesday;9;1997
1997-09-11;Thursday;9;1997
1997-09-12;Friday;9;1997
1997-09-13;Saturday;9;1997
1997-09-14;Sunday;9;1997
1997-09-15;Monday;9;1997
1997-09-16;Tuesday;9;1997
1997-09-17;Wednesday;9;1997
1997-09-18;Thursday;9;1997
1997-09-19;Friday;9;1997
1997-09-20;Saturday;9;1997
1997-09-21;Sunday;9;1997
1997-09-22;Monday;9;1997
1997-09-23;Tuesday;9;1997
1997-09-24;Wednesday;9;1997
1997-09-25;Thursday;9;1997
1997-09-26;Friday;9;1997
1997-09-27;Saturday;9;1997
1997-09-28;Sunday;9;1997
1997-09-29;Monday;9;1997
1997-09-30;Tuesday;9;1997
1997-10-01;Wednesday;10;1997
1997-10-02;Thursday;10;1997
1997-10-03;Friday;10;1997
1997-10-04;Saturday;10;1997
1997-10-05;Sunday;10;1997
1997-10-06;Monday;10;1997
1997-10-07;Tuesday;10;1997
1997-10-08;Wednesday;10;1997
1997-10-09;Thursday;10;1997
1997-10-10;Friday;10;1997
1997-10-11;Saturday;10;1997
1997-10-12;Sunday;10;1997
1997-10-13;Monday;10;1997
1997-10-14;Tuesday;10;1997
1997-10-15;Wednesday;10;1997
1997-10-16;Thursday;10;1997
1997-10-17;Friday;10;1997
1997-10-18;Saturday;10;1997
1997-10-19;Sunday;10;1997
1997-10-20;Monday;10;1997
1997-10-21;Tuesday;10;1997
1997-10-22;Wednesday;10;1997
1997-10-23;Thursday;10;1997
1997-10-24;Friday;10;1997
1997-10-25;Saturday;10;1997
1997-10-26;Sunday;10;1997
1997-10-27;Monday;10;1997
1997-10-28;Tuesday;10;1997
1997-10-29;Wednesday;10;1997
1997-10-30;Thursday;10;1997
1997-10-31;Friday;10;1997
1997-11-01;Saturday;11;1997
1997-11-02;Sunday;11;1997
1997-11-03;Monday;11;1997
1997-11-04;Tuesday;11;1997
1997-11-05;Wednesday;11;1997
1997-11-06;Thursday;11;1997
1997-11-07;Friday;11;1997
1997-11-08;Saturday;11;1997
1997-11-09;Sunday;11;1997
1997-11-10;Monday;11;1997
1997-11-11;Tuesday;11;1997
1997-11-12;Wednesday;11;1997
1997-11-13;Thursday;11;1997
1997-11-14;Friday;11;1997
1997-11-15;Saturday;11;1997
1997-11-16;Sunday;11;1997
1997-11-17;Monday;11;1997
1997-11-18;Tuesday;11;1997
1997-11-19;Wednesday;11;1997
1997-11-20;Thursday;11;1997
1997-11-21;Friday;11;1997
1997-11-22;Saturday;11;1997
1997-11-23;Sunday;11;1997
1997-11-24;Monday;11;1997
1997-11-25;Tuesday;11;1997
1997-11-26;Wednesday;11;1997
1997-11-27;Thursday;11;1997
1997-11-28;Friday;11;1997
1997-11-29;Saturday;11;1997
1997-11-30;Sunday;11;1997
1997-12-01;Monday;12;1997
1997-12-02;Tuesday;12;1997
1997-12-03;Wednesday;12;1997
1997-12-04;Thursday;12;1997
1997-12-05;Friday;12;1997
1997-12-06;Saturday;12;1997
1997-12-07;Sunday;12;1997
1997-12-08;Monday;12;1997
1997-12-09;Tuesday;12;1997
1997-12-10;Wednesday;12;1997
1997-12-11;Thursday;12;1997
1997-12-12;Friday;12;1997
1997-12-13;Saturday;12;1997
1997-12-14;Sunday;12;1997
1997-12-15;Monday;12;1997
1997-12-16;Tuesday;12;1997
1997-12-17;Wednesday;12;1997
1997-12-18;Thursday;12;1997
1997-12-19;Friday;12;1997
1997-12-20;Saturday;12;1997
1997-12-21;Sunday;12;1997
1997-12-22;Monday;12;1997
1997-12-23;Tuesday;12;1997
1997-12-24;Wednesday;12;1997
1997-12-25;Thursday;12;1997
1997-12-26;Friday;12;1997
1997-12-27;Saturday;12;1997
1997-12-28;Sunday;12;1997
1997-12-29;Monday;12;1997
1997-12-30;Tuesday;12;1997
1997-12-31;Wednesday;12;1997
1998-01-01;Thursday;1;1998
1998-01-02;Friday;1;1998
1998-01-03;Saturday;1;1998
1998-01-04;Sunday;1;1998
1998-01-05;Monday;1;1998
1998-01-06;Tuesday;1;1998
1998-01-07;Wednesday;1;1998
1998-01-08;Thursday;1;1998
1998-01-09;Friday;1;1998
1998-01-10;Saturday;1;1998
1998-01-11;Sunday;1;1998
1998-01-12;Monday;1;1998
1998-01-13;Tuesday;1;1998
1998-01-14;Wednesday;1;1998
1998-01-15;Thursday;1;1998
1998-01-16;Friday;1;1998
1998-01-17;Saturday;1;1998
1998-01-18;Sunday;1;1998
1998-01-19;Monday;1;1998
1998-01-20;Tuesday;1;1998
1998-01-21;Wednesday;1;1998
1998-01-22;Thursday;1;1998
1998-01-23;Friday;1;1998
1998-01-24;Saturday;1;1998
1998-01-25;Sunday;1;1998
1998-01-26;Monday;1;1998
1998-01-27;Tuesday;1;1998
1998-01-28;Wednesday;1;1998
1998-01-29;Thursday;1;1998
1998-01-30;Friday;1;1998
1998-01-31;Saturday;1;1998
1998-02-01;Sunday;2;1998
1998-02-02;Monday;2;1998
1998-02-03;Tuesday;2;1998
1998-02-04;Wednesday;2;1998
1998-02-05;Thursday;2;1998
1998-02-06;Friday;2;1998
1998-02-07;Saturday;2;1998
1998-02-08;Sunday;2;1998
1998-02-09;Monday;2;1998
1998-02-10;Tuesday;2;1998
1998-02-11;Wednesday;2;1998
1998-02-12;Thursday;2;1998
1998-02-13;Friday;2;1998
1998-02-14;Saturday;2;1998
1998-02-15;Sunday;2;1998
1998-02-16;Monday;2;1998
1998-02-17;Tuesday;2;1998
1998-02-18;Wednesday;2;1998
1998-02-19;Thursday;2;1998
1998-02-20;Friday;2;1998
1998-02-21;Saturday;2;1998
1998-02-22;Sunday;2;1998
1998-02-23;Monday;2;1998
1998-02-24;Tuesday;2;1998
1998-02-25;Wednesday;2;1998
1998-02-26;Thursday;2;1998
1998-02-27;Friday;2;1998
1998-02-28;Saturday;2;1998
1998-03-01;Sunday;3;1998
1998-03-02;Monday;3;1998
1998-03-03;Tuesday;3;1998
1998-03-04;Wednesday;3;1998
1998-03-05;Thursday;3;1998
1998-03-06;Friday;3;1998
1998-03-07;Saturday;3;1998
1998-03-08;Sunday;3;1998
1998-03-09;Monday;3;1998
1998-03-10;Tuesday;3;1998
1998-03-11;Wednesday;3;1998
1998-03-12;Thursday;3;1998
1998-03-13;Friday;3;1998
1998-03-14;Saturday;3;1998
1998-03-15;Sunday;3;1998
1998-03-16;Monday;3;1998
1998-03-17;Tuesday;3;1998
1998-03-18;Wednesday;3;1998
1998-03-19;Thursday;3;1998
1998-03-20;Friday;3;1998
1998-03-21;Saturday;3;1998
1998-03-22;Sunday;3;1998
1998-03-23;Monday;3;1998
1998-03-24;Tuesday;3;1998
1998-03-25;Wednesday;3;1998
1998-03-26;Thursday;3;1998
1998-03-27;Friday;3;1998
1998-03-28;Saturday;3;1998
1998-03-29;Sunday;3;1998
1998-03-30;Monday;3;1998
1998-03-31;Tuesday;3;1998
1998-04-01;Wednesday;4;1998
1998-04-02;Thursday;4;1998
1998-04-03;Friday;4;1998
1998-04-04;Saturday;4;1998
1998-04-05;Sunday;4;1998
1998-04-06;Monday;4;1998
1998-04-07;Tuesday;4;1998
1998-04-08;Wednesday;4;1998
1998-04-09;Thursday;4;1998
1998-04-10;Friday;4;1998
1998-04-11;Saturday;4;1998
1998-04-12;Sunday;4;1998
1998-04-13;Monday;4;1998
1998-04-14;Tuesday;4;1998
1998-04-15;Wednesday;4;1998
1998-04-16;Thursday;4;1998
1998-04-17;Friday;4;1998
1998-04-18;Saturday;4;1998
1998-04-19;Sunday;4;1998
1998-04-20;Monday;4;1998
1998-04-21;Tuesday;4;1998
1998-04-22;Wednesday;4;1998
1998-04-23;Thursday;4;1998
1998-04-24;Friday;4;1998
1998-04-25;Saturday;4;1998
1998-04-26;Sunday;4;1998
1998-04-27;Monday;4;1998
1998-04-28;Tuesday;4;1998
1998-04-29;Wednesday;4;1998
1998-04-30;Thursday;4;1998
1998-05-01;Friday;5;1998
1998-05-02;Saturday;5;1998
1998-05-03;Sunday;5;1998
1998-05-04;Monday;5;1998
1998-05-05;Tuesday;5;1998
1998-05-06;Wednesday;5;1998
1998-05-07;Thursday;5;1998
1998-05-08;Friday;5;1998
1998-05-09;Saturday;5;1998
1998-05-10;Sunday;5;1998
1998-05-11;Monday;5;1998
1998-05-12;Tuesday;5;1998
1998-05-13;Wednesday;5;1998
1998-05-14;Thursday;5;1998
1998-05-15;Friday;5;1998
1998-05-16;Saturday;5;1998
1998-05-17;Sunday;5;1998
1998-05-18;Monday;5;1998
1998-05-19;Tuesday;5;1998
1998-05-20;Wednesday;5;1998
1998-05-21;Thursday;5;1998
1998-05-22;Friday;5;1998
1998-05-23;Saturday;5;1998
1998-05-24;Sunday;5;1998
1998-05-25;Monday;5;1998
1998-05-26;Tuesday;5;1998
1998-05-27;Wednesday;5;1998
1998-05-28;Thursday;5;1998
1998-05-29;Friday;5;1998
1998-05-30;Saturday;5;1998
1998-05-31;Sunday;5;1998
1998-06-01;Monday;6;1998
1998-06-02;Tuesday;6;1998
1998-06-03;Wednesday;6;1998
1998-06-04;Thursday;6;1998
1998-06-05;Friday;6;1998
1998-06-06;Saturday;6;1998
1998-06-07;Sunday;6;1998
1998-06-08;Monday;6;1998
1998-06-09;Tuesday;6;1998
1998-06-10;Wednesday;6;1998
1998-06-11;Thursday;6;1998
1998-06-12;Friday;6;1998
1998-06-13;Saturday;6;1998
1998-06-14;Sunday;6;1998
1998-06-15;Monday;6;1998
1998-06-16;Tuesday;6;1998
1998-06-17;Wednesday;6;1998
1998-06-18;Thursday;6;1998
1998-06-19;Friday;6;1998
1998-06-20;Saturday;6;1998
1998-06-21;Sunday;6;1998
1998-06-22;Monday;6;1998
1998-06-23;Tuesday;6;1998
1998-06-24;Wednesday;6;1998
1998-06-25;Thursday;6;1998
1998-06-26;Friday;6;1998
1998-06-27;Saturday;6;1998
1998-06-28;Sunday;6;1998
1998-06-29;Monday;6;1998
1998-06-30;Tuesday;6;1998
1998-07-01;Wednesday;7;1998
1998-07-02;Thursday;7;1998
1998-07-03;Friday;7;1998
1998-07-04;Saturday;7;1998
1998-07-05;Sunday;7;1998
1998-07-06;Monday;7;1998
1998-07-07;Tuesday;7;1998
1998-07-08;Wednesday;7;1998
1998-07-09;Thursday;7;1998
1998-07-10;Friday;7;1998
1998-07-11;Saturday;7;1998
1998-07-12;Sunday;7;1998
1998-07-13;Monday;7;1998
1998-07-14;Tuesday;7;1998
1998-07-15;Wednesday;7;1998
1998-07-16;Thursday;7;1998
1998-07-17;Friday;7;1998
1998-07-18;Saturday;7;1998
1998-07-19;Sunday;7;1998
1998-07-20;Monday;7;1998
1998-07-21;Tuesday;7;1998
1998-07-22;Wednesday;7;1998
1998-07-23;Thursday;7;1998
1998-07-24;Friday;7;1998
1998-07-25;Saturday;7;1998
1998-07-26;Sunday;7;1998
1998-07-27;Monday;7;1998
1998-07-28;Tuesday;7;1998
1998-07-29;Wednesday;7;1998
1998-07-30;Thursday;7;1998
1998-07-31;Friday;7;1998
1998-08-01;Saturday;8;1998
1998-08-02;Sunday;8;1998
1998-08-03;Monday;8;1998
1998-08-04;Tuesday;8;1998
1998-08-05;Wednesday;8;1998
1998-08-06;Thursday;8;1998
1998-08-07;Friday;8;1998
1998-08-08;Saturday;8;1998
1998-08-09;Sunday;8;1998
1998-08-10;Monday;8;1998
1998-08-11;Tuesday;8;1998
1998-08-12;Wednesday;8;1998
1998-08-13;Thursday;8;1998
1998-08-14;Friday;8;1998
1998-08-15;Saturday;8;1998
1998-08-16;Sunday;8;1998
1998-08-17;Monday;8;1998
1998-08-18;Tuesday;8;1998
1998-08-19;Wednesday;8;1998
1998-08-20;Thursday;8;1998
1998-08-21;Friday;8;1998
1998-08-22;Saturday;8;1998
1998-08-23;Sunday;8;1998
1998-08-24;Monday;8;1998
1998-08-25;Tuesday;8;1998
1998-08-26;Wednesday;8;1998
1998-08-27;Thursday;8;1998
1998-08-28;Friday;8;1998
1998-08-29;Saturday;8;1998
1998-08-30;Sunday;8;1998
1998-08-31;Monday;8;1998
1998-09-01;Tuesday;9;1998
1998-09-02;Wednesday;9;1998
1998-09-03;Thursday;9;1998
1998-09-04;Friday;9;1998
1998-09-05;Saturday;9;1998
1998-09-06;Sunday;9;1998
1998-09-07;Monday;9;1998
1998-09-08;Tuesday;9;1998
1998-09-09;Wednesday;9;1998
1998-09-10;Thursday;9;1998
1998-09-11;Friday;9;1998
1998-09-12;Saturday;9;1998
1998-09-13;Sunday;9;1998
1998-09-14;Monday;9;1998
1998-09-15;Tuesday;9;1998
1998-09-16;Wednesday;9;1998
1998-09-17;Thursday;9;1998
1998-09-18;Friday;9;1998
1998-09-19;Saturday;9;1998
1998-09-20;Sunday;9;1998
1998-09-21;Monday;9;1998
1998-09-22;Tuesday;9;1998
1998-09-23;Wednesday;9;1998
1998-09-24;Thursday;9;1998
1998-09-25;Friday;9;1998
1998-09-26;Saturday;9;1998
1998-09-27;Sunday;9;1998
1998-09-28;Monday;9;1998
1998-09-29;Tuesday;9;1998
1998-09-30;Wednesday;9;1998
1998-10-01;Thursday;10;1998
1998-10-02;Friday;10;1998
1998-10-03;Saturday;10;1998
1998-10-04;Sunday;10;1998
1998-10-05;Monday;10;1998
1998-10-06;Tuesday;10;1998
1998-10-07;Wednesday;10;1998
1998-10-08;Thursday;10;1998
1998-10-09;Friday;10;1998
1998-10-10;Saturday;10;1998
1998-10-11;Sunday;10;1998
1998-10-12;Monday;10;1998
1998-10-13;Tuesday;10;1998
1998-10-14;Wednesday;10;1998
1998-10-15;Thursday;10;1998
1998-10-16;Friday;10;1998
1998-10-17;Saturday;10;1998
1998-10-18;Sunday;10;1998
1998-10-19;Monday;10;1998
1998-10-20;Tuesday;10;1998
1998-10-21;Wednesday;10;1998
1998-10-22;Thursday;10;1998
1998-10-23;Friday;10;1998
1998-10-24;Saturday;10;1998
1998-10-25;Sunday;10;1998
1998-10-26;Monday;10;1998
1998-10-27;Tuesday;10;1998
1998-10-28;Wednesday;10;1998
1998-10-29;Thursday;10;1998
1998-10-30;Friday;10;1998
1998-10-31;Saturday;10;1998
1998-11-01;Sunday;11;1998
1998-11-02;Monday;11;1998
1998-11-03;Tuesday;11;1998
1998-11-04;Wednesday;11;1998
1998-11-05;Thursday;11;1998
1998-11-06;Friday;11;1998
1998-11-07;Saturday;11;1998
1998-11-08;Sunday;11;1998
1998-11-09;Monday;11;1998
1998-11-10;Tuesday;11;1998
1998-11-11;Wednesday;11;1998
1998-11-12;Thursday;11;1998
1998-11-13;Friday;11;1998
1998-11-14;Saturday;11;1998
1998-11-15;Sunday;11;1998
1998-11-16;Monday;11;1998
1998-11-17;Tuesday;11;1998
1998-11-18;Wednesday;11;1998
1998-11-19;Thursday;11;1998
1998-11-20;Friday;11;1998
1998-11-21;Saturday;11;1998
1998-11-22;Sunday;11;1998
1998-11-23;Monday;11;1998
1998-11-24;Tuesday;11;1998
1998-11-25;Wednesday;11;1998
1998-11-26;Thursday;11;1998
1998-11-27;Friday;11;1998
1998-11-28;Saturday;11;1998
1998-11-29;Sunday;11;1998
1998-11-30;Monday;11;1998
1998-12-01;Tuesday;12;1998
1998-12-02;Wednesday;12;1998
1998-12-03;Thursday;12;1998
1998-12-04;Friday;12;1998
1998-12-05;Saturday;12;1998
1998-12-06;Sunday;12;1998
1998-12-07;Monday;12;1998
1998-12-08;Tuesday;12;1998
1998-12-09;Wednesday;12;1998
1998-12-10;Thursday;12;1998
1998-12-11;Friday;12;1998
1998-12-12;Saturday;12;1998
1998-12-13;Sunday;12;1998
1998-12-14;Monday;12;1998
1998-12-15;Tuesday;12;1998
1998-12-16;Wednesday;12;1998
1998-12-17;Thursday;12;1998
1998-12-18;Friday;12;1998
1998-12-19;Saturday;12;1998
1998-12-20;Sunday;12;1998
1998-12-21;Monday;12;1998
1998-12-22;Tuesday;12;1998
1998-12-23;Wednesday;12;1998
1998-12-24;Thursday;12;1998
1998-12-25;Friday;12;1998
1998-12-26;Saturday;12;1998
1998-12-27;Sunday;12;1998
1998-12-28;Monday;12;1998
1998-12-29;Tuesday;12;1998
1998-12-30;Wednesday;12;1998
1998-12-31;Thursday;12;1998
1999-01-01;Friday;1;1999
